,Adrenal_PTR,Appendices_PTR,Brain_PTR,Colon_PTR,Duodenum_PTR,Endometrium_PTR,Esophagus_PTR,Fallopiantube_PTR,Fat_PTR,Gallbladder_PTR,Heart_PTR,Kidney_PTR,Liver_PTR,Lung_PTR,Lymphnode_PTR,Ovary_PTR,Pancreas_PTR,Placenta_PTR,Prostate_PTR,Rectum_PTR,Salivarygland_PTR,Smallintestine_PTR,Smoothmuscle_PTR,Spleen_PTR,Stomach_PTR,Testis_PTR,Thyroid_PTR,Tonsil_PTR,Urinarybladder_PTR
0,0.7090413225234384,0.6896004487936911,0.5381182311408639,0.7462777722242873,0.7480441407457057,0.7296299425740524,0.7283260218249786,0.648904912582901,0.6852742947579868,0.7326295594623722,0.6414440189038355,0.6433291024868419,0.6176071363174127,0.6890810041476911,0.7198319508546291,0.6907294125987495,0.6317223099927185,0.6572865349571383,0.6655470622054511,0.7406596055731127,0.6858595092397577,0.7303589285237653,0.721126352005277,0.6997712337318375,0.6978736968489833,0.5723236399553964,0.6712165174252498,0.6501700478362304,0.7367403295435275
